Label,Dimensions,var_0,var_1
1,2,-0.7726337694093396,0.4302380707039787
2,1,-0.3862090394265843
0,0
