Label,Dimensions,var_0,var_1
0,2,0.9716194530330743,0.9716194530330743
